{
  "floor_1": {
    "name": "Tutorial Floor",
    "theme": "Basic Goblins, Rats & Plant Creatures",
    "enemies": {
      "rat": {
        "name": "Rat",
        "level": 2,
        "hp": 8,
        "stats": { "str": 1, "dex": 5, "con": 2, "int": 1, "wis": 4, "cha": 1 },
        "attacks": [
          { "name": "Bite", "hit": "+5", "damage": "1d4+1", "type": "melee", "effect": "disease_chance" },
          { "name": "Swarm Attack", "hit": "+3", "damage": "1d6", "type": "melee", "effect": "pack_bonus" }
        ],
        "special_abilities": ["Pack Tactics", "Disease Carrier", "Small Size"],
        "ac": 13,
        "loot": ["rat_tail", "small_bones", "1d4_coins"],
        "ai_notes": "Infests every neighborhood, attacks in groups",
        "viewer_appeal": "Low - common vermin"
      },
      "goblin_grunt": {
        "name": "Goblin Grunt",
        "level": 1,
        "hp": 6,
        "stats": { "str": 2, "dex": 4, "con": 3, "int": 2, "wis": 3, "cha": 2 },
        "attacks": [
          { "name": "Pineapple Club", "hit": "+4", "damage": "1d6+1", "type": "melee" },
          { "name": "Thrown Rock", "hit": "+4", "damage": "1d4", "type": "ranged" }
        ],
        "special_abilities": ["Pack Tactics", "Cowardly", "Clan Loyalty"],
        "ac": 12,
        "loot": ["goblin_ear", "pineapple_club", "leathery_rags", "1d6_coins"],
        "ai_notes": "Small green humanoids, ~4ft tall, attack in groups, flee when alone",
        "viewer_appeal": "Low - tutorial enemies"
      },
      "goblin_engineer": {
        "name": "Goblin Engineer",
        "level": 3,
        "hp": 15,
        "stats": { "str": 3, "dex": 3, "con": 4, "int": 5, "wis": 2, "cha": 1 },
        "attacks": [
          { "name": "Curved Blade", "hit": "+5", "damage": "1d6+2", "type": "melee" },
          { "name": "Explosive Device", "hit": "+4", "damage": "2d6", "type": "ranged", "effect": "explosion" }
        ],
        "special_abilities": ["Engineering", "Construct Control", "Female Targeting"],
        "ac": 14,
        "resistances": ["fire"],
        "loot": ["curved_blade", "engineering_tools", "odd_headgear", "2d6_coins"],
        "ai_notes": "Creates and maintains constructs, targets females first, wears odd headgear",
        "viewer_appeal": "Medium - interesting mechanics"
      },
      "goblin_bomb_bard": {
        "name": "Goblin Bomb Bard",
        "level": 4,
        "hp": 18,
        "stats": { "str": 2, "dex": 4, "con": 3, "int": 4, "wis": 2, "cha": 3 },
        "attacks": [
          { "name": "Dynamite Stick", "hit": "+6", "damage": "3d6", "type": "ranged", "effect": "explosion" },
          { "name": "Smoke Bomb", "hit": "+5", "damage": "1d4", "type": "ranged", "effect": "blind" },
          { "name": "Spark Helmet", "hit": "+4", "damage": "1d6+2", "type": "melee", "effect": "ignite" }
        ],
        "special_abilities": ["Explosive Expert", "Unhinged", "Spark Ignition"],
        "ac": 15,
        "resistances": ["fire"],
        "vulnerabilities": ["water"],
        "loot": ["goblin_dynamite", "smoke_bombs", "spark_helmet", "2d8_coins"],
        "ai_notes": "Extremely dangerous with explosives, missing fingers indicate experience",
        "viewer_appeal": "High - explosive combat"
      },
      "goblin_shamanka": {
        "name": "Goblin Shamanka",
        "level": 5,
        "hp": 25,
        "stats": { "str": 2, "dex": 3, "con": 4, "int": 6, "wis": 5, "cha": 4 },
        "attacks": [
          { "name": "Pineapple Staff", "hit": "+5", "damage": "1d8+2", "type": "melee" },
          { "name": "Anguish Bolt", "hit": "+7", "damage": "2d8+3", "type": "spell", "effect": "anguish_magic" },
          { "name": "Damage Focus", "hit": "auto", "damage": "0", "type": "spell", "effect": "enhance_damage" }
        ],
        "special_abilities": ["Anguish Magic", "Damage Enhancement", "Object Enchantment", "Leadership"],
        "ac": 13,
        "resistances": ["necrotic", "psychic"],
        "loot": ["pineapple_staff", "black_robes", "facial_piercings", "3d6_coins", "spell_components"],
        "ai_notes": "Second-in-command to chieftain, specializes in dark magic, no humor",
        "viewer_appeal": "High - magical combat and lore"
      },
      "goblin_war_chieftain": {
        "name": "Goblin War Chieftain",
        "level": 7,
        "hp": 45,
        "stats": { "str": 5, "dex": 4, "con": 5, "int": 4, "wis": 4, "cha": 6 },
        "attacks": [
          { "name": "Chieftain's Blade", "hit": "+8", "damage": "2d8+4", "type": "melee" },
          { "name": "War Cry", "hit": "auto", "damage": "0", "type": "special", "effect": "rally_goblins" },
          { "name": "Tactical Strike", "hit": "+7", "damage": "1d12+3", "type": "melee", "effect": "knockdown" }
        ],
        "special_abilities": ["Clan Leadership", "Tactical Genius", "Rally Troops", "Intimidating Presence"],
        "ac": 16,
        "loot": ["chieftain_blade", "war_regalia", "clan_banner", "5d10_coins", "leadership_token"],
        "ai_notes": "Leader of goblin clans, commands all other goblins in area",
        "viewer_appeal": "Very High - boss fight with minions"
      },
      "vine_creeper": {
        "name": "Vine Creeper",
        "level": 3,
        "hp": 20,
        "stats": { "str": 4, "dex": 2, "con": 6, "int": 1, "wis": 3, "cha": 1 },
        "attacks": [
          { "name": "Thorny Vine", "hit": "+5", "damage": "1d8+3", "type": "melee", "effect": "grapple" },
          { "name": "Consume Whole", "hit": "+6", "damage": "2d10+4", "type": "special", "effect": "swallow" },
          { "name": "Pod Burst", "hit": "+4", "damage": "1d6+2", "type": "ranged", "effect": "spawn_vines" }
        ],
        "special_abilities": ["Plant Type", "Emerge from Pods", "Swallow Whole", "Thorny Hide"],
        "ac": 14,
        "resistances": ["poison"],
        "vulnerabilities": ["fire", "cold"],
        "loot": ["thorny_vines", "plant_essence", "pod_seeds", "1d8_coins"],
        "ai_notes": "Emerges from giant pods, attempts to consume crawlers whole",
        "viewer_appeal": "Medium - unique plant monster"
      },
      "troglodyte": {
        "name": "Troglodyte",
        "level": 2,
        "hp": 12,
        "stats": { "str": 4, "dex": 2, "con": 4, "int": 2, "wis": 3, "cha": 1 },
        "attacks": [
          { "name": "Stone Club", "hit": "+5", "damage": "1d8+2", "type": "melee" },
          { "name": "Stench Cloud", "hit": "auto", "damage": "0", "type": "special", "effect": "nausea" },
          { "name": "Claw Swipe", "hit": "+4", "damage": "1d6+2", "type": "melee" }
        ],
        "special_abilities": ["Stench", "Cave Dweller", "Primitive Tactics"],
        "ac": 13,
        "loot": ["stone_club", "primitive_hide", "cave_crystals", "1d6_coins"],
        "ai_notes": "Primitive humanoids with nauseating stench",
        "viewer_appeal": "Low-Medium - classic dungeon monster"
      },
      "scatterer": {
        "name": "Scatterer",
        "level": 3,
        "hp": 16,
        "stats": { "str": 3, "dex": 6, "con": 3, "int": 3, "wis": 4, "cha": 2 },
        "attacks": [
          { "name": "Scatter Shot", "hit": "+6", "damage": "1d4+3", "type": "ranged", "effect": "multiple_targets" },
          { "name": "Quick Strike", "hit": "+7", "damage": "1d6+3", "type": "melee" },
          { "name": "Evasive Maneuver", "hit": "auto", "damage": "0", "type": "special", "effect": "dodge_bonus" }
        ],
        "special_abilities": ["Multi-Target Attack", "High Mobility", "Evasion"],
        "ac": 15,
        "loot": ["scatter_weapon", "mobility_gear", "1d8_coins"],
        "ai_notes": "Fast-moving enemies that attack multiple targets",
        "viewer_appeal": "Medium - tactical combat"
      },
      "brood_guardian": {
        "name": "Brood Guardian",
        "level": 4,
        "hp": 28,
        "stats": { "str": 5, "dex": 3, "con": 5, "int": 2, "wis": 4, "cha": 2 },
        "attacks": [
          { "name": "Guardian Strike", "hit": "+7", "damage": "2d6+3", "type": "melee" },
          { "name": "Protective Stance", "hit": "auto", "damage": "0", "type": "special", "effect": "damage_reduction" },
          { "name": "Spawn Minions", "hit": "auto", "damage": "0", "type": "special", "effect": "summon_brood" }
        ],
        "special_abilities": ["Brood Protection", "Damage Reduction", "Minion Summoning"],
        "ac": 16,
        "loot": ["guardian_carapace", "brood_essence", "2d6_coins"],
        "ai_notes": "Protects smaller creatures, can summon reinforcements",
        "viewer_appeal": "Medium-High - tactical boss fight"
      }
    }
  },
  "floor_2": {
    "name": "Undead Catacombs",
    "theme": "Zombies, Skeletons & Undead",
    "enemies": {
      "zombie_crawler": {
        "name": "Zombie Crawler",
        "level": 2,
        "hp": 15,
        "stats": { "str": 4, "dex": 2, "con": 5, "int": 1, "wis": 2, "cha": 1 },
        "attacks": [
          { "name": "Bite", "hit": "+4", "damage": "1d6+2", "type": "melee", "effect": "disease_chance" },
          { "name": "Claw", "hit": "+4", "damage": "1d4+2", "type": "melee" }
        ],
        "special_abilities": ["Undead Fortitude", "Disease Carrier", "Slow Movement"],
        "ac": 11,
        "resistances": ["necrotic"],
        "vulnerabilities": ["radiant", "fire"],
        "loot": ["rotting_flesh", "old_equipment", "bone_fragments"],
        "ai_notes": "Shambles toward players, doesn't retreat",
        "viewer_appeal": "Medium - classic horror"
      },
      "skeleton_archer": {
        "name": "Skeleton Archer",
        "level": 2,
        "hp": 10,
        "stats": { "str": 3, "dex": 5, "con": 3, "int": 2, "wis": 3, "cha": 1 },
        "attacks": [
          { "name": "Bone Bow", "hit": "+6", "damage": "1d6+3", "type": "ranged", "range": "150ft" },
          { "name": "Bone Sword", "hit": "+4", "damage": "1d6+1", "type": "melee" }
        ],
        "special_abilities": ["Undead Fortitude", "Precise Shot"],
        "ac": 13,
        "resistances": ["necrotic"],
        "vulnerabilities": ["bludgeoning"],
        "loot": ["bone_arrows", "skeleton_bow", "2d6_coins"],
        "ai_notes": "Maintains distance, aims for weak spots",
        "viewer_appeal": "Medium - ranged tactics"
      },
      "zombie_brute": {
        "name": "Zombie Brute",
        "level": 4,
        "hp": 35,
        "stats": { "str": 6, "dex": 1, "con": 6, "int": 1, "wis": 2, "cha": 1 },
        "attacks": [
          { "name": "Slam", "hit": "+7", "damage": "2d8+4", "type": "melee", "effect": "knockdown" },
          { "name": "Grab and Bite", "hit": "+6", "damage": "1d10+4", "type": "melee", "effect": "grapple_bite" }
        ],
        "special_abilities": ["Undead Fortitude", "Massive Size", "Unstoppable"],
        "ac": 12,
        "resistances": ["necrotic", "poison"],
        "vulnerabilities": ["radiant", "fire"],
        "loot": ["massive_bones", "tattered_armor", "3d6_coins"],
        "ai_notes": "Slow but devastating, focuses on strongest target",
        "viewer_appeal": "High - intimidating boss"
      },
      "skeleton_mage": {
        "name": "Skeleton Mage",
        "level": 5,
        "hp": 22,
        "stats": { "str": 2, "dex": 4, "con": 4, "int": 6, "wis": 4, "cha": 3 },
        "attacks": [
          { "name": "Bone Staff", "hit": "+5", "damage": "1d6+1", "type": "melee" },
          { "name": "Necrotic Bolt", "hit": "+8", "damage": "2d8+4", "type": "spell" },
          { "name": "Animate Dead", "hit": "auto", "damage": "0", "type": "spell", "effect": "raise_skeleton" }
        ],
        "special_abilities": ["Undead Fortitude", "Necromancy", "Spell Resistance"],
        "ac": 14,
        "resistances": ["necrotic", "cold"],
        "vulnerabilities": ["radiant"],
        "loot": ["bone_staff", "spell_components", "necromantic_tome", "4d6_coins"],
        "ai_notes": "Stays back, raises fallen enemies, uses necromantic spells",
        "viewer_appeal": "High - magical undead"
      },
      "wraith": {
        "name": "Wraith",
        "level": 6,
        "hp": 30,
        "stats": { "str": 1, "dex": 5, "con": 4, "int": 4, "wis": 5, "cha": 6 },
        "attacks": [
          { "name": "Life Drain", "hit": "+8", "damage": "2d6+3", "type": "melee", "effect": "life_drain" },
          { "name": "Terrifying Wail", "hit": "auto", "damage": "1d8", "type": "special", "effect": "fear" },
          { "name": "Phase Strike", "hit": "+7", "damage": "1d10+3", "type": "melee", "effect": "incorporeal" }
        ],
        "special_abilities": ["Incorporeal", "Life Drain", "Fear Aura", "Phase Through Walls"],
        "ac": 16,
        "resistances": ["necrotic", "cold", "physical_non_magical"],
        "vulnerabilities": ["radiant"],
        "loot": ["spectral_essence", "soul_fragment", "5d6_coins"],
        "ai_notes": "Phases through walls, drains life force, causes fear",
        "viewer_appeal": "Very High - terrifying ghost"
      }
    }
  },
  "floor_3": {
    "name": "The Over City",
    "theme": "Urban Environment & Scolopendra Corruption",
    "enemies": {
      "corrupted_citizen": {
        "name": "Corrupted Citizen",
        "level": 6,
        "hp": 32,
        "stats": { "str": 4, "dex": 3, "con": 5, "int": 3, "wis": 2, "cha": 2 },
        "attacks": [
          { "name": "Corrupted Fist", "hit": "+6", "damage": "1d8+3", "type": "melee", "effect": "corruption" },
          { "name": "Spit Acid", "hit": "+5", "damage": "2d6+2", "type": "ranged", "effect": "acid_damage" }
        ],
        "special_abilities": ["Scolopendra Corruption", "Acid Resistance", "Hive Mind"],
        "ac": 14,
        "resistances": ["acid", "poison"],
        "loot": ["corrupted_flesh", "city_remnants", "2d8_coins"],
        "ai_notes": "Former city dwellers transformed by Scolopendra's attack",
        "viewer_appeal": "Medium-High - tragic corruption"
      },
      "urban_predator": {
        "name": "Urban Predator",
        "level": 7,
        "hp": 40,
        "stats": { "str": 6, "dex": 5, "con": 5, "int": 4, "wis": 4, "cha": 3 },
        "attacks": [
          { "name": "Razor Claws", "hit": "+8", "damage": "2d6+4", "type": "melee", "effect": "bleeding" },
          { "name": "Pounce", "hit": "+7", "damage": "1d10+4", "type": "melee", "effect": "knockdown" },
          { "name": "Stalker's Strike", "hit": "+9", "damage": "2d8+4", "type": "melee", "effect": "sneak_attack" }
        ],
        "special_abilities": ["Urban Camouflage", "Stealth", "Pack Hunter"],
        "ac": 16,
        "loot": ["predator_hide", "razor_claws", "urban_camouflage", "3d6_coins"],
        "ai_notes": "Adapted to city environment, hunts in packs, uses stealth",
        "viewer_appeal": "High - urban horror"
      },
      "scolopendra_spawn": {
        "name": "Scolopendra Spawn",
        "level": 8,
        "hp": 45,
        "stats": { "str": 5, "dex": 6, "con": 6, "int": 3, "wis": 4, "cha": 2 },
        "attacks": [
          { "name": "Venomous Bite", "hit": "+9", "damage": "2d8+4", "type": "melee", "effect": "poison" },
          { "name": "Centipede Legs", "hit": "+8", "damage": "1d6+3", "type": "melee", "effect": "multiple_attacks" },
          { "name": "Corruption Aura", "hit": "auto", "damage": "1d6", "type": "aura", "effect": "corruption_damage" }
        ],
        "special_abilities": ["Poison Immunity", "Multi-Attack", "Corruption Aura", "Regeneration"],
        "ac": 17,
        "resistances": ["poison", "acid"],
        "loot": ["scolopendra_chitin", "venom_sac", "corruption_essence", "4d8_coins"],
        "ai_notes": "Offspring of the great Scolopendra, spreads corruption",
        "viewer_appeal": "Very High - major lore enemy"
      }
    }
  },
  "floor_4": {
    "name": "The Iron Tangle",
    "theme": "Subway Tunnels & Mechanical Horrors",
    "enemies": {
      "tunnel_rat": {
        "name": "Tunnel Rat",
        "level": 8,
        "hp": 35,
        "stats": { "str": 4, "dex": 7, "con": 5, "int": 3, "wis": 5, "cha": 2 },
        "attacks": [
          { "name": "Gnawing Bite", "hit": "+9", "damage": "2d6+3", "type": "melee", "effect": "armor_damage" },
          { "name": "Tunnel Ambush", "hit": "+10", "damage": "2d8+4", "type": "melee", "effect": "surprise" }
        ],
        "special_abilities": ["Tunnel Fighter", "Armor Destruction", "Pack Tactics"],
        "ac": 16,
        "loot": ["reinforced_hide", "tunnel_map", "2d8_coins"],
        "ai_notes": "Evolved rats adapted to subway environment",
        "viewer_appeal": "Medium - environmental adaptation"
      },
      "mechanical_spider": {
        "name": "Mechanical Spider",
        "level": 9,
        "hp": 42,
        "stats": { "str": 5, "dex": 8, "con": 4, "int": 5, "wis": 4, "cha": 1 },
        "attacks": [
          { "name": "Steel Fangs", "hit": "+10", "damage": "2d8+4", "type": "melee", "effect": "poison" },
          { "name": "Web Launcher", "hit": "+9", "damage": "1d6+3", "type": "ranged", "effect": "restrain" },
          { "name": "Leg Spikes", "hit": "+8", "damage": "1d10+3", "type": "melee", "effect": "piercing" }
        ],
        "special_abilities": ["Mechanical Nature", "Web Creation", "Wall Climbing"],
        "ac": 18,
        "resistances": ["poison", "lightning"],
        "vulnerabilities": ["electromagnetic"],
        "loot": ["steel_components", "web_material", "mechanical_parts", "3d8_coins"],
        "ai_notes": "Mechanical construct spider, uses webs and environment",
        "viewer_appeal": "High - steampunk horror"
      },
      "iron_golem": {
        "name": "Iron Golem",
        "level": 12,
        "hp": 80,
        "stats": { "str": 8, "dex": 2, "con": 8, "int": 2, "wis": 3, "cha": 1 },
        "attacks": [
          { "name": "Iron Fist", "hit": "+12", "damage": "3d10+6", "type": "melee", "effect": "knockback" },
          { "name": "Steam Blast", "hit": "+8", "damage": "2d12+4", "type": "ranged", "effect": "burn" },
          { "name": "Earthquake Stomp", "hit": "auto", "damage": "2d8", "type": "aoe", "effect": "knockdown" }
        ],
        "special_abilities": ["Construct", "Damage Reduction", "Steam Power", "Immunity to Mental Effects"],
        "ac": 20,
        "resistances": ["physical", "fire", "cold"],
        "immunities": ["poison", "charm", "fear"],
        "loot": ["iron_ingots", "steam_core", "golem_heart", "5d10_coins"],
        "ai_notes": "Massive iron construct guarding key areas",
        "viewer_appeal": "Very High - epic boss fight"
      }
    }
  },
  "floor_5": {
    "name": "The Bubbles",
    "theme": "Aquatic Environment & Bubble Creatures",
    "enemies": {
      "bubble_fish": {
        "name": "Bubble Fish",
        "level": 10,
        "hp": 38,
        "stats": { "str": 3, "dex": 8, "con": 4, "int": 2, "wis": 5, "cha": 3 },
        "attacks": [
          { "name": "Bubble Burst", "hit": "+10", "damage": "2d6+4", "type": "ranged", "effect": "blind" },
          { "name": "Fin Slash", "hit": "+9", "damage": "1d8+3", "type": "melee" }
        ],
        "special_abilities": ["Aquatic", "Bubble Creation", "Blinding Attack"],
        "ac": 17,
        "loot": ["bubble_essence", "fish_scales", "2d10_coins"],
        "ai_notes": "Creates blinding bubbles, fast in water",
        "viewer_appeal": "Medium - unique aquatic combat"
      },
      "water_elemental": {
        "name": "Water Elemental",
        "level": 12,
        "hp": 65,
        "stats": { "str": 6, "dex": 6, "con": 7, "int": 4, "wis": 5, "cha": 4 },
        "attacks": [
          { "name": "Water Whip", "hit": "+11", "damage": "2d10+5", "type": "melee", "effect": "knockdown" },
          { "name": "Tidal Wave", "hit": "+10", "damage": "3d8+4", "type": "aoe", "effect": "push" },
          { "name": "Drowning Grasp", "hit": "+12", "damage": "2d8+5", "type": "melee", "effect": "suffocation" }
        ],
        "special_abilities": ["Elemental", "Water Form", "Damage Resistance"],
        "ac": 16,
        "resistances": ["fire", "physical_non_magical"],
        "immunities": ["poison"],
        "loot": ["pure_water", "elemental_core", "4d8_coins"],
        "ai_notes": "Controls water environment, attempts to drown enemies",
        "viewer_appeal": "High - elemental magic"
      },
      "kraken_spawn": {
        "name": "Kraken Spawn",
        "level": 15,
        "hp": 120,
        "stats": { "str": 9, "dex": 5, "con": 8, "int": 6, "wis": 6, "cha": 5 },
        "attacks": [
          { "name": "Tentacle Slam", "hit": "+14", "damage": "3d12+7", "type": "melee", "effect": "grapple" },
          { "name": "Ink Cloud", "hit": "auto", "damage": "0", "type": "aoe", "effect": "blind_area" },
          { "name": "Crushing Embrace", "hit": "+13", "damage": "4d10+7", "type": "melee", "effect": "constrict" }
        ],
        "special_abilities": ["Grappling Master", "Ink Defense", "Aquatic Supremacy", "Regeneration"],
        "ac": 19,
        "resistances": ["cold", "lightning"],
        "loot": ["kraken_tentacle", "ink_sac", "sea_treasure", "8d10_coins"],
        "ai_notes": "Massive sea creature, uses tentacles and ink strategically",
        "viewer_appeal": "Very High - legendary sea monster"
      }
    }
  },
  "floor_6": {
    "name": "The Hunting Grounds",
    "theme": "Alien Hunters & Predatory Beasts",
    "enemies": {
      "alien_hunter": {
        "name": "Alien Hunter",
        "level": 15,
        "hp": 85,
        "stats": { "str": 7, "dex": 8, "con": 6, "int": 7, "wis": 8, "cha": 5 },
        "attacks": [
          { "name": "Plasma Rifle", "hit": "+13", "damage": "3d10+6", "type": "ranged", "effect": "energy_burn" },
          { "name": "Wrist Blades", "hit": "+12", "damage": "2d8+5", "type": "melee", "effect": "bleeding" },
          { "name": "Net Launcher", "hit": "+11", "damage": "1d6+3", "type": "ranged", "effect": "restrain" }
        ],
        "special_abilities": ["Advanced Technology", "Stealth Cloak", "Trophy Hunter", "Thermal Vision"],
        "ac": 18,
        "resistances": ["energy"],
        "loot": ["alien_technology", "plasma_cells", "hunter_trophy", "5d12_coins"],
        "ai_notes": "Sophisticated alien predators hunting crawlers for sport",
        "viewer_appeal": "Very High - sci-fi horror"
      },
      "dire_wolf": {
        "name": "Dire Wolf",
        "level": 12,
        "hp": 70,
        "stats": { "str": 8, "dex": 7, "con": 7, "int": 3, "wis": 6, "cha": 4 },
        "attacks": [
          { "name": "Savage Bite", "hit": "+12", "damage": "2d10+6", "type": "melee", "effect": "knockdown" },
          { "name": "Pack Howl", "hit": "auto", "damage": "0", "type": "special", "effect": "summon_pack" },
          { "name": "Pounce", "hit": "+11", "damage": "2d8+6", "type": "melee", "effect": "prone" }
        ],
        "special_abilities": ["Pack Leader", "Enhanced Senses", "Relentless"],
        "ac": 16,
        "loot": ["dire_wolf_pelt", "wolf_fang", "pack_trophy", "3d8_coins"],
        "ai_notes": "Alpha predator, leads wolf packs, relentless pursuit",
        "viewer_appeal": "High - primal fear"
      },
      "hunting_construct": {
        "name": "Hunting Construct",
        "level": 18,
        "hp": 110,
        "stats": { "str": 8, "dex": 9, "con": 7, "int": 8, "wis": 7, "cha": 2 },
        "attacks": [
          { "name": "Energy Cannon", "hit": "+15", "damage": "4d12+8", "type": "ranged", "effect": "explosive" },
          { "name": "Razor Appendages", "hit": "+14", "damage": "3d8+7", "type": "melee", "effect": "multiple_attacks" },
          { "name": "Tracking Beam", "hit": "+13", "damage": "2d10+6", "type": "ranged", "effect": "mark_target" }
        ],
        "special_abilities": ["Construct", "Advanced AI", "Target Acquisition", "Self-Repair"],
        "ac": 20,
        "resistances": ["physical", "energy"],
        "immunities": ["mental_effects"],
        "loot": ["advanced_components", "energy_core", "AI_matrix", "6d10_coins"],
        "ai_notes": "Advanced hunting robot designed to track and eliminate targets",
        "viewer_appeal": "Very High - terminator-style boss"
      }
    }
  },
  "boss_encounters": {
    "floor_1_boss": {
      "name": "Goblin King Krogg",
      "level": 10,
      "hp": 120,
      "stats": { "str": 7, "dex": 5, "con": 8, "int": 5, "wis": 4, "cha": 8 },
      "attacks": [
        { "name": "Crown Smash", "hit": "+12", "damage": "3d8+6", "type": "melee", "effect": "stun_chance" },
        { "name": "Royal Command", "hit": "auto", "damage": "0", "type": "special", "effect": "summon_guards" },
        { "name": "Explosive Crown", "hit": "+10", "damage": "4d10+5", "type": "aoe", "effect": "explosion" }
      ],
      "special_abilities": ["Legendary Actions", "Summon Minions", "Crown of Authority", "Berserker Rage"],
      "ac": 18,
      "legendary_actions": 3,
      "phases": [
        { "hp_threshold": 100, "behavior": "aggressive", "adds": false, "special": "berserker_rage" },
        { "hp_threshold": 50, "behavior": "defensive", "adds": true, "special": "summon_guards" },
        { "hp_threshold": 25, "behavior": "desperate", "adds": false, "special": "explosive_crown" }
      ],
      "loot": ["goblin_crown", "royal_weapon", "5d10_coins", "floor_key"],
      "ai_notes": "Uses minions strategically, becomes more dangerous when wounded",
      "viewer_appeal": "Very High - first boss fight, dramatic phases",
      "sponsor_opportunities": ["Weapon upgrades", "Healing items", "Tactical advice"]
    },
    "floor_2_boss": {
      "name": "Lich Lord Morteus",
      "level": 15,
      "hp": 180,
      "stats": { "str": 3, "dex": 6, "con": 6, "int": 10, "wis": 8, "cha": 9 },
      "attacks": [
        { "name": "Death Ray", "hit": "+15", "damage": "4d12+8", "type": "spell", "effect": "instant_death_chance" },
        { "name": "Bone Prison", "hit": "+13", "damage": "2d8+6", "type": "spell", "effect": "restrain" },
        { "name": "Animate Horde", "hit": "auto", "damage": "0", "type": "spell", "effect": "mass_animate_dead" }
      ],
      "special_abilities": ["Legendary Actions", "Spell Resistance", "Undead Mastery", "Phylactery"],
      "ac": 19,
      "legendary_actions": 3,
      "phases": [
        { "hp_threshold": 150, "behavior": "cautious", "adds": true, "special": "animate_horde" },
        { "hp_threshold": 90, "behavior": "aggressive", "adds": false, "special": "death_magic" },
        { "hp_threshold": 30, "behavior": "desperate", "adds": true, "special": "phylactery_power" }
      ],
      "resistances": ["necrotic", "cold"],
      "immunities": ["poison", "charm", "fear"],
      "loot": ["lich_phylactery", "necromantic_staff", "undead_crown", "8d10_coins", "floor_key"],
      "ai_notes": "Master of undead magic, uses terrain and minions strategically",
      "viewer_appeal": "Very High - classic undead boss with dramatic magic",
      "sponsor_opportunities": ["Anti-undead weapons", "Protection spells", "Resurrection items"]
    }
  }
}

