{
  "skills": {
    "combat": {
      "category": "Combat",
      "skills": {
        "Powerful Strike": {
          "name": "Powerful Strike",
          "stat": "strength",
          "description": "Devastating melee attacks that can break through armor and defenses",
          "source": "dcc"
        },
        "Iron Punch": {
          "name": "Iron Punch",
          "stat": "strength", 
          "description": "Unarmed combat expertise, turning fists into weapons",
          "source": "dcc"
        },
        "Back Claw": {
          "name": "Back Claw",
          "stat": "dexterity",
          "description": "Sneaky rear attacks that bypass defenses",
          "source": "dcc"
        },
        "Smush": {
          "name": "Smush",
          "stat": "strength",
          "description": "Overwhelming crushing attacks that flatten enemies",
          "source": "dcc"
        },
        "Pugilism": {
          "name": "Pugilism",
          "stat": "strength",
          "description": "Professional boxing techniques and ring fighting",
          "source": "dcc"
        },
        "Aiming": {
          "name": "Aiming",
          "stat": "dexterity",
          "description": "Precision targeting for ranged attacks and critical hits",
          "source": "dcc"
        },
        "Soul Reaper": {
          "name": "Soul Reaper",
          "stat": "charisma",
          "description": "Dark combat magic that drains life force from enemies",
          "source": "dcc"
        },
        "Catcher": {
          "name": "Catcher",
          "stat": "dexterity",
          "description": "Intercepting projectiles and catching thrown objects",
          "source": "dcc"
        },
        "Cesta Punta": {
          "name": "Cesta Punta",
          "stat": "dexterity",
          "description": "Jai alai sport techniques adapted for combat",
          "source": "dcc"
        }
      }
    },
    "survival": {
      "category": "Survival",
      "skills": {
        "Breathing": {
          "name": "Breathing",
          "stat": "constitution",
          "description": "Controlled breathing for stamina and surviving harsh environments",
          "source": "dcc"
        },
        "Iron Stomach": {
          "name": "Iron Stomach",
          "stat": "constitution",
          "description": "Resistance to poisons, disease, and inedible food",
          "source": "dcc"
        },
        "Regeneration": {
          "name": "Regeneration",
          "stat": "constitution",
          "description": "Accelerated healing and recovery from injuries",
          "source": "dcc"
        },
        "Nine Lives": {
          "name": "Nine Lives",
          "stat": "constitution",
          "description": "Supernatural ability to survive fatal situations",
          "source": "dcc"
        },
        "Night Vision": {
          "name": "Night Vision",
          "stat": "wisdom",
          "description": "Enhanced vision in low-light conditions",
          "source": "dcc"
        },
        "Acute Ears": {
          "name": "Acute Ears",
          "stat": "wisdom",
          "description": "Exceptional hearing that can detect hidden dangers",
          "source": "dcc"
        },
        "Pathfinder": {
          "name": "Pathfinder",
          "stat": "wisdom",
          "description": "Navigation and route-finding through dangerous terrain",
          "source": "dcc"
        },
        "Mind Balance": {
          "name": "Mind Balance",
          "stat": "wisdom",
          "description": "Mental resilience against confusion and mind control",
          "source": "dcc"
        },
        "Light on Your Feet": {
          "name": "Light on Your Feet",
          "stat": "dexterity",
          "description": "Silent movement and avoiding traps or detection",
          "source": "dcc"
        },
        "Cat-like Reflexes": {
          "name": "Cat-like Reflexes",
          "stat": "dexterity",
          "description": "Lightning-fast reactions that can save your life",
          "source": "dcc"
        }
      }
    },
    "technical": {
      "category": "Technical",
      "skills": {
        "Basic Electrical Repair": {
          "name": "Basic Electrical Repair",
          "stat": "intelligence",
          "description": "Fixing and maintaining electrical systems and devices",
          "source": "dcc"
        },
        "IED": {
          "name": "IED",
          "stat": "intelligence",
          "description": "Creating and disarming improvised explosive devices",
          "source": "dcc"
        },
        "Incendiary Device Handling": {
          "name": "Incendiary Device Handling",
          "stat": "intelligence",
          "description": "Safe handling and deployment of fire-based weapons",
          "source": "dcc"
        },
        "Bomb Surgeon": {
          "name": "Bomb Surgeon",
          "stat": "intelligence",
          "description": "Expert-level explosive device manipulation and defusal",
          "source": "dcc"
        },
        "Metal Detecting": {
          "name": "Metal Detecting",
          "stat": "intelligence",
          "description": "Finding hidden metal objects and treasures",
          "source": "dcc"
        },
        "Biplane Pilot": {
          "name": "Biplane Pilot",
          "stat": "dexterity",
          "description": "Operating vintage aircraft in combat situations",
          "source": "dcc"
        },
        "Chopper Pilot": {
          "name": "Chopper Pilot",
          "stat": "dexterity",
          "description": "Helicopter piloting and aerial maneuvers",
          "source": "dcc"
        },
        "Infusion": {
          "name": "Infusion",
          "stat": "intelligence",
          "description": "Enhancing items with magical or technological properties",
          "source": "dcc"
        },
        "Operating Sony RMVLZ620 Universal Remote": {
          "name": "Operating Sony RMVLZ620 Universal Remote",
          "stat": "intelligence",
          "description": "Mastery of incredibly complex universal remote control",
          "source": "dcc"
        }
      }
    },
    "social": {
      "category": "Social",
      "skills": {
        "Character Actor": {
          "name": "Character Actor",
          "stat": "charisma",
          "description": "Convincing roleplay and impersonation abilities",
          "source": "dcc"
        },
        "Love Vampire": {
          "name": "Love Vampire",
          "stat": "charisma",
          "description": "Draining emotional energy and manipulating affection",
          "source": "dcc"
        },
        "Mascot": {
          "name": "Mascot",
          "stat": "charisma",
          "description": "Inspiring and entertaining others through performance",
          "source": "dcc"
        },
        "Negotiation": {
          "name": "Negotiation",
          "stat": "charisma",
          "description": "Persuasion and deal-making in tense situations",
          "source": "dcc"
        },
        "Crowd Blast": {
          "name": "Crowd Blast",
          "stat": "charisma",
          "description": "Energizing and motivating large groups of people",
          "source": "dcc"
        }
      }
    },
    "absurd": {
      "category": "Absurd",
      "skills": {
        "Cockroach": {
          "name": "Cockroach",
          "stat": "constitution",
          "description": "Surviving in the worst conditions through sheer stubbornness",
          "source": "dcc"
        },
        "Frogger": {
          "name": "Frogger",
          "stat": "dexterity",
          "description": "Dodging through heavy traffic and dangerous moving obstacles",
          "source": "dcc"
        },
        "Lacing Boots": {
          "name": "Lacing Boots",
          "stat": "dexterity",
          "description": "Lightning-fast footwear preparation under pressure",
          "source": "dcc"
        },
        "Scutelliphily": {
          "name": "Scutelliphily",
          "stat": "intelligence",
          "description": "Academic study and collection of shields and escutcheons",
          "source": "dcc"
        },
        "Tent the House": {
          "name": "Tent the House",
          "stat": "intelligence",
          "description": "Professional fumigation and pest control techniques",
          "source": "dcc"
        }
      }
    },
    "standard": {
      "category": "Standard",
      "skills": {
        "Athletics": {
          "name": "Athletics",
          "stat": "strength",
          "description": "Physical fitness, climbing, jumping, and general athleticism",
          "source": "standard"
        },
        "Acrobatics": {
          "name": "Acrobatics",
          "stat": "dexterity",
          "description": "Agility, balance, and performing complex physical maneuvers",
          "source": "standard"
        },
        "Stealth": {
          "name": "Stealth",
          "stat": "dexterity",
          "description": "Moving silently and remaining hidden from detection",
          "source": "standard"
        },
        "Sleight of Hand": {
          "name": "Sleight of Hand",
          "stat": "dexterity",
          "description": "Pickpocketing, lockpicking, and manual dexterity tricks",
          "source": "standard"
        },
        "Survival": {
          "name": "Survival",
          "stat": "wisdom",
          "description": "Wilderness navigation, foraging, and environmental adaptation",
          "source": "standard"
        },
        "Perception": {
          "name": "Perception",
          "stat": "wisdom",
          "description": "Noticing hidden details and spotting danger",
          "source": "standard"
        },
        "Investigation": {
          "name": "Investigation",
          "stat": "intelligence",
          "description": "Logical deduction and systematic searching for clues",
          "source": "standard"
        },
        "Medicine": {
          "name": "Medicine",
          "stat": "wisdom",
          "description": "Healing injuries, diagnosing illness, and medical knowledge",
          "source": "standard"
        },
        "Intimidation": {
          "name": "Intimidation",
          "stat": "charisma",
          "description": "Using fear and threats to influence others",
          "source": "standard"
        },
        "Persuasion": {
          "name": "Persuasion",
          "stat": "charisma",
          "description": "Convincing others through logic, charm, and appeal",
          "source": "standard"
        },
        "Deception": {
          "name": "Deception",
          "stat": "charisma",
          "description": "Lying, misdirection, and hiding your true intentions",
          "source": "standard"
        },
        "Performance": {
          "name": "Performance",
          "stat": "charisma",
          "description": "Entertaining others through music, acting, or showmanship",
          "source": "standard"
        },
        "Insight": {
          "name": "Insight",
          "stat": "wisdom",
          "description": "Reading people's emotions and detecting lies",
          "source": "standard"
        },
        "History": {
          "name": "History",
          "stat": "intelligence",
          "description": "Knowledge of past events, cultures, and civilizations",
          "source": "standard"
        },
        "Nature": {
          "name": "Nature",
          "stat": "intelligence",
          "description": "Understanding animals, plants, and natural phenomena",
          "source": "standard"
        },
        "Religion": {
          "name": "Religion",
          "stat": "intelligence",
          "description": "Knowledge of deities, rituals, and religious practices",
          "source": "standard"
        },
        "Arcana": {
          "name": "Arcana",
          "stat": "intelligence",
          "description": "Understanding magic, spells, and supernatural phenomena",
          "source": "standard"
        }
      }
    }
  },
  "startingSkills": {
    "level1": {
      "total": 5,
      "proficient": 3,
      "description": "At level 1, choose 5 skills to start at level 1. Of these, choose 3 to be proficient in (gain +level bonus)."
    }
  }
}
